location,Latitude,Longitude
"Puerto Rico, Dorado, 949",18.43606,-66.281954
"Virgin Islands, Saint Thomas, 802",18.342908,-64.9189
"Massachusetts, Agawam, 1001",42.06954,-72.61481
"Massachusetts, Pelham, 1002",42.385735,-72.521853
"Massachusetts, Amherst, 1002",42.385735,-72.521853
"Massachusetts, Granby, 1033",42.262285,-72.504086
"Massachusetts, Whately, 1093",42.442673,-72.652511
"Massachusetts, Sunderland, 1375",42.46675,-72.5787
"Massachusetts, Chicopee, 1020",42.177492,-72.562563
"Massachusetts, Belchertown, 1007",42.280267,-72.402056
"Massachusetts, Chicopee, 1013",42.190085,-72.598377
"Massachusetts, South Hadley, 1075",42.24984,-72.58152
"Massachusetts, Ludlow, 1056",42.175863,-72.498309
"Massachusetts, Orange, 1364",42.59721,-72.3032
"Massachusetts, Holyoke, 1040",42.198291,-72.64207
"Massachusetts, Easthampton, 1027",42.26676,-72.66898
"Massachusetts, Northampton, 1062",42.321488,-72.630588
"Massachusetts, Northampton, 1060",42.321488,-72.630588
"Massachusetts, Barre, 1005",42.42301,-72.10638
"Massachusetts, Leverett, 1054",42.474681,-72.467543
"Massachusetts, Southampton, 1073",42.230008,-72.728463
"Massachusetts, Greenfield, 1301",42.601335,-72.623619
"Massachusetts, Deerfield, 1373",42.54723,-72.607679
"Massachusetts, West Springfield, 1089",42.118403,-72.647517
"Massachusetts, Hadley, 1035",42.356804,-72.576613
"Massachusetts, Williamsburg, 1038",42.413069,-72.821653
"Massachusetts, Springfield, 1104",42.109963,-72.557506
"Massachusetts, Williamsburg, 1096",42.413069,-72.821653
"Massachusetts, Montague, 1351",42.548107,-72.48693
"Massachusetts, Athol, 1331",42.59353,-72.23033
"Massachusetts, Blandford, 1008",42.21652,-72.959587
"Connecticut, Coventry, 6238",41.778623,-72.323642
"Connecticut, East Windsor, 6016",41.903347,-72.592883
"Connecticut, Vernon, 6066",41.81871,-72.47953
"Massachusetts, Ware, 1082",42.25485,-72.24602
"Connecticut, Ellington, 6029",41.90399,-72.46981
"Massachusetts, Longmeadow, 1028",42.049194,-72.567882
"Massachusetts, Springfield, 1105",42.109963,-72.557506
"Connecticut, Stafford, 6076",41.81152,-72.308779
"Massachusetts, Springfield, 1118",42.093894,-72.523227
"Massachusetts, Springfield, 1108",42.109963,-72.557506
"Connecticut, Manchester, 6040",41.776048,-72.523748
"Connecticut, Enfield, 6082",42.024643,-72.58551
"Massachusetts, Springfield, 1129",42.124485,-72.489479
"Massachusetts, Palmer, 1069",42.173302,-72.32867
"Massachusetts, Springfield, 1151",42.170731,-72.604842
"Massachusetts, Brimfield, 1010",42.157709,-72.167851
"Massachusetts, Chester, 1011",42.294259,-72.952776
"Massachusetts, Cummington, 1026",42.46175,-72.89398
"Massachusetts, Granville, 1034",42.112748,-72.952003
"Massachusetts, Becket, 1223",42.246357,-73.102471
"Massachusetts, Westfield, 1085",42.145204,-72.736095
"Massachusetts, Agawam, 1030",42.06954,-72.61481
"Massachusetts, Savoy, 1256",42.56675,-73.02871
"Massachusetts, Southwick, 1077",42.05482,-72.77037
"Massachusetts, East Longmeadow, 1028",42.062009,-72.49874
"Massachusetts, Hardwick, 1031",42.347856,-72.225251
"Massachusetts, Adams, 1220",42.62776,-73.11862
"Massachusetts, Buckland, 1339",42.572652,-72.824428
"Massachusetts, Worthington, 1098",42.394315,-72.943115
"Massachusetts, Pittsfield, 1201",42.443849,-73.24351
"Massachusetts, Cheshire, 1225",42.56203,-73.16288
"Massachusetts, Huntington, 1050",42.313427,-72.903677
"Massachusetts, Otis, 1253",42.269868,-73.133113
"Connecticut, Winchester, 6098",41.925671,-73.058157
"Connecticut, Barkhamsted, 6063",41.93937,-72.990647
"Massachusetts, Great Barrington, 1230",42.19358,-73.36216
"Connecticut, North Canaan, 6018",42.03484,-73.33247
"Connecticut, Suffield, 6078",41.989646,-72.658135
"Massachusetts, Sheffield, 1257",42.11037,-73.35511
"Massachusetts, Monterey, 1230",42.18669,-73.206498
"Connecticut, Windsor Locks, 6096",41.933846,-72.660245
"Connecticut, Norfolk, 6058",41.886811,-73.184674
"Connecticut, Colebrook, 6021",42.017229,-73.104821
"Connecticut, Granby, 6060",41.966062,-72.796407
"Massachusetts, Sheffield, 1222",42.11037,-73.35511
"Massachusetts, Longmeadow, 1106",42.026124,-72.584775
"Connecticut, Granby, 6035",41.966062,-72.796407
"Massachusetts, Sandisfield, 1255",42.148975,-73.14861
"Connecticut, Canton, 6019",41.842882,-72.899645
"Connecticut, Simsbury, 6070",41.868647,-72.819742
"Massachusetts, New Marlborough, 1259",42.34909,-71.54546
"Massachusetts, Springfield, 1109",42.109963,-72.557506
"Massachusetts, Hinsdale, 1235",42.4387,-73.12538
"Massachusetts, Plainfield, 1070",42.51536,-72.91621
"Massachusetts, Dalton, 1226",42.481119,-73.135073
"Massachusetts, Lanesborough, 1237",42.517306,-73.22816
"Connecticut, East Granby, 6026",41.929738,-72.715423
"Connecticut, Windsor, 6095",41.871037,-72.675083
"Massachusetts, Springfield, 1107",42.109963,-72.557506
"Connecticut, Simsbury, 6081",41.868647,-72.819742
"Connecticut, East Windsor, 6088",41.903347,-72.592883
"Massachusetts, Tyringham, 1264",42.220001,-73.197865
"Connecticut, Suffield, 6093",41.948597,-72.628802
"Massachusetts, Russell, 1071",42.164665,-72.851036
"Massachusetts, North Adams, 1247",42.701004,-73.15365
"Massachusetts, Florida, 1247",42.701004,-73.15365
"Massachusetts, Hubbardston, 1452",42.483895,-72.011516
"Massachusetts, Wilbraham, 1095",42.156536,-72.402397
"Massachusetts, Westminster, 1473",42.549489,-71.913219
"Massachusetts, Oakham, 1068",42.346144,-72.058847
"Massachusetts, West Brookfield, 1585",42.235638,-72.172523
"Massachusetts, North Brookfield, 1535",42.275382,-72.089338
"Connecticut, Plainville, 6062",41.672983,-72.859695
"Connecticut, New Hartford, 6057",41.883102,-73.045918
"Connecticut, Avon, 6001",41.80982,-72.83065
"Massachusetts, Hancock, 1237",42.547818,-73.268033
"Connecticut, Simsbury, 6092",41.868647,-72.819742
"Connecticut, Burlington, 6013",41.761773,-72.95826
"Connecticut, Farmington, 6032",41.726769,-72.829543
"Connecticut, Bristol, 6010",41.681198,-72.939577
"Massachusetts, Williamstown, 1267",42.642075,-73.257699
"Connecticut, Farmington, 6085",41.726769,-72.829543
"Connecticut, Simsbury, 6089",41.868647,-72.819742
"Connecticut, Bloomfield, 6002",41.851961,-72.738939
"Massachusetts, Clarksburg, 1247",42.701004,-73.15365
"Massachusetts, Lee, 1238",42.299342,-73.226581
"Massachusetts, Springfield, 1119",42.124979,-72.51121
"Massachusetts, Hampden, 1036",42.067614,-72.417507
"Massachusetts, Monson, 1057",42.095323,-72.282063
"Connecticut, Somers, 6071",41.98537,-72.4462
"Massachusetts, Springfield, 1128",42.094616,-72.487229
"Connecticut, Tolland, 6084",41.882553,-72.361039
"Connecticut, Hebron, 6231",41.689249,-72.398627
"Connecticut, South Windsor, 6074",41.824935,-72.602165
"Connecticut, Bolton, 6043",41.768648,-72.439278
"Connecticut, East Hartford, 6118",41.748999,-72.609884
"Connecticut, Manchester, 6042",41.776048,-72.523748
"Connecticut, East Hartford, 6108",41.769312,-72.654985
"Connecticut, Glastonbury, 6033",41.703451,-72.539332
"Connecticut, Columbia, 6237",41.696124,-72.300043
"Connecticut, Stafford Springs, 6076",41.95956,-72.31072
"New Hampshire, Troy, 3465",42.82397,-72.18119
"Connecticut, Marlborough, 6447",41.636949,-72.463179
"Connecticut, Hebron, 6248",41.689249,-72.398627
"Connecticut, Mansfield, 6268",41.799326,-72.306526
"Massachusetts, Wales, 1081",42.061948,-72.213598
"Connecticut, Andover, 6232",41.731847,-72.374634
"Connecticut, Glastonbury, 6073",41.703451,-72.539332
"Massachusetts, Templeton, 1436",42.555059,-72.072285
"Connecticut, Bolton, 6042",41.768648,-72.439278
"Connecticut, Willington, 6279",41.896623,-72.262236
"Massachusetts, Royalston, 1368",42.672182,-72.196376
"Massachusetts, Templeton, 1468",42.555059,-72.072285
"Massachusetts, Warren, 1092",42.179233,-72.203121
"Massachusetts, Phillipston, 1331",42.548699,-72.132858
"Massachusetts, East Brookfield, 1515",42.205311,-72.049907
"Massachusetts, Auburn, 1501",42.196469,-71.843341
"Vermont, Vernon, 5354",42.773711,-72.520166
"Massachusetts, Colrain, 1340",42.67314,-72.69676
"Vermont, Readsboro, 5350",42.785591,-72.971932
"Vermont, Stamford, 5352",42.756193,-73.067881
"Massachusetts, Rutland, 1543",42.383516,-71.95463
"Massachusetts, Spencer, 1562",42.24509,-71.99248
"Massachusetts, Gardner, 1440",42.582529,-72.025884
"Massachusetts, Worcester, 1604",42.276311,-71.813203
"Massachusetts, Charlton, 1507",42.13277,-71.972627
"Massachusetts, Worcester, 1602",42.275121,-71.814949
"Massachusetts, Oxford, 1540",42.109223,-71.855444
"Massachusetts, Millbury, 1527",42.219309,-71.761998
"Massachusetts, Sutton, 1590",42.126575,-71.755193
"Massachusetts, Worcester, 1610",42.276311,-71.813203
"Massachusetts, Worcester, 1605",42.288792,-71.796128
"Massachusetts, Worcester, 1603",42.276311,-71.813203
"Massachusetts, Worcester, 1606",42.311834,-71.794465
"Massachusetts, Sturbridge, 1566",42.130077,-72.067722
"Massachusetts, Worcester, 1607",42.276311,-71.813203
"Massachusetts, Grafton, 1560",42.203944,-71.682862
"Massachusetts, Holden, 1520",42.336791,-71.845316
"Massachusetts, Worcester, 1609",42.276501,-71.813435
"Massachusetts, Leicester, 1524",42.24593,-71.90868
"Massachusetts, Shrewsbury, 1545",42.286992,-71.715313
"Massachusetts, Paxton, 1612",42.3112,-71.92813
"Massachusetts, Princeton, 1541",42.451926,-71.880057
"Massachusetts, Bernardston, 1337",42.67092,-72.54953
"New Hampshire, Hinsdale, 3451",42.78881,-72.48881
"Vermont, Guilford, 5301",42.86284,-72.558073
"Vermont, Halifax, 5358",42.766519,-72.745723
"Massachusetts, Sturbridge, 1518",42.134319,-72.103161
"Massachusetts, Holland, 1521",42.061063,-72.163991
"Connecticut, Eastford, 6242",41.90204,-72.0798
"Connecticut, Ashford, 6278",41.889043,-72.147561
"Connecticut, Eastford, 6278",41.90204,-72.0798
"Connecticut, Union, 6076",41.99093,-72.157299
"Connecticut, Torrington, 6790",41.87484,-73.126763
"Connecticut, Brooklyn, 6234",41.78815,-71.9498
"Massachusetts, Southbridge, 1550",42.08712,-72.03479
"Connecticut, Woodstock, 6281",41.961991,-72.014108
"Connecticut, Mansfield, 6250",41.76182,-72.19446
"Connecticut, Pomfret, 6259",41.889048,-71.968232
"Connecticut, Woodstock, 6282",41.961991,-72.014108
"Connecticut, Hampton, 6247",41.78399,-72.0548
"Connecticut, Chaplin, 6235",41.80294,-72.126036
"Massachusetts, Dudley, 1571",42.059189,-71.937037
"Connecticut, Thompson, 6255",41.975796,-71.862047
"Connecticut, Thompson, 6262",41.975796,-71.862047
"Vermont, Bennington, 5201",42.8746,-73.18505
"Connecticut, Putnam, 6260",41.9151,-71.90896
"Connecticut, Thompson, 6277",41.975796,-71.862047
"Massachusetts, Webster, 1570",42.04465,-71.87485
"Massachusetts, Winchendon, 1475",42.661612,-72.047876
"Connecticut, Harwinton, 6791",41.77121,-73.05983
"Connecticut, West Hartford, 6117",41.78516,-72.763564
"Connecticut, Hartford, 6112",41.791337,-72.694337
"Connecticut, Hartford, 6120",41.785449,-72.669936
"Connecticut, Windham, 6226",41.693914,-72.137843
"Connecticut, Mansfield, 6226",41.71527,-72.21731
"Connecticut, Hartford, 6105",41.774499,-72.699537
"Connecticut, Hartford, 6106",41.745049,-72.687787
"Connecticut, Lebanon, 6249",41.628008,-72.245422
"Connecticut, Hartford, 6114",41.747399,-72.672237
"Connecticut, West Hartford, 6119",41.763137,-72.727308
"Connecticut, West Hartford, 6107",41.762045,-72.74204
"Massachusetts, Lenox, 1240",42.3587,-73.28549
"Connecticut, East Haddam, 6469",41.475478,-72.389729
"Connecticut, Durham, 6422",41.462468,-72.682297
"Connecticut, Wethersfield, 6109",41.698899,-72.667887
"Connecticut, Newington, 6111",41.708857,-72.719269
"Connecticut, New Britain, 6053",41.677019,-72.760732
"New York, Claverack, 12521",42.190488,-73.64465
"New York, Copake, 12521",42.190488,-73.64465
"New York, Copake, 12516",42.099322,-73.576102
"New York, Hillsdale, 12529",42.19327,-73.550028
"New York, Millerton, 12546",41.93846,-73.546336
"Connecticut, Sharon, 6069",41.874681,-73.433903
"Massachusetts, West Stockbridge, 1266",42.33332,-73.375628
"Massachusetts, Stockbridge, 1262",42.302802,-73.321433
"Massachusetts, Egremont, 1230",42.19358,-73.36216
"New York, Austerlitz, 12017",42.31175,-73.47317
"Massachusetts, Alford, 1230",42.19358,-73.36216
"New York, Nassau, 12123",42.534102,-73.619419
"New York, East Chatham, 12060",42.419964,-73.512815
"New York, Valatie, 12184",42.415385,-73.673419
"Connecticut, Watertown, 6795",41.60621,-73.11817
"New York, Kinderhook, 12106",42.385231,-73.704442
"Connecticut, Bethlehem, 6751",41.6409,-73.209685
"Connecticut, Litchfield, 6759",41.74732,-73.18872
"Massachusetts, Alford, 1266",42.33332,-73.375628
"Connecticut, Salisbury, 6068",42.00579,-73.399336
"Massachusetts, Mount Washington, 1258",42.16065,-73.41623
"New York, Canaan, 12029",42.41203,-73.44706
"New York, Copake, 12517",42.11953,-73.52512
"New York, New Lebanon, 12125",42.534102,-73.619419
"New York, Copake Falls, 12517",42.11953,-73.52512
"New York, Schodack Landing, 12123",42.534102,-73.619419
"Connecticut, Goshen, 6756",41.794278,-73.239023
"New York, Chatham Village, 12037",42.335777,-73.528651
"New York, Hoosick, 12090",42.912017,-73.403631
"New York, Chatham, 12060",42.419964,-73.512815
"New York, Stephentown, 12169",42.592887,-73.448036
"New York, Kinderhook, 12184",42.415385,-73.673419
"Connecticut, Cornwall, 6796",41.828067,-73.332345
"New York, Hoosick Falls, 12090",42.912017,-73.403631
"New York, Sand Lake, 12018",42.623661,-73.730785
"Connecticut, Salisbury, 6039",42.00579,-73.399336
"New York, Ancram, 12502",42.067399,-73.657698
"New York, Sand Lake, 12061",42.60852,-73.676008
"New York, Ghent, 12075",42.32537,-73.6179
"Connecticut, Warren, 6754",41.742873,-73.34873
"New York, Stephentown, 12168",42.560862,-73.380714
"Connecticut, Litchfield, 6750",41.74732,-73.18872
"Connecticut, Morris, 6763",41.689616,-73.212587
"New York, Pittstown, 12180",42.623661,-73.730785
"New York, Petersburgh, 12138",42.74952,-73.34011
"Connecticut, Canaan, 6031",42.03484,-73.33247
"Connecticut, Woodbury, 6798",41.54454,-73.209
"New York, Poestenkill, 12018",42.623661,-73.730785
"New York, Claverack, 12513",42.22509,-73.73457
"New York, Northeast, 12546",41.93846,-73.546336
"New York, Copake, 12502",42.067399,-73.657698
"New York, Hillsdale, 12521",42.190488,-73.64465
"New York, Chatham, 12037",42.335777,-73.528651
"New York, East Nassau, 12062",42.911976,-73.403334
"New York, Chatham, 12136",42.434992,-73.561172
"Connecticut, Thomaston, 6787",41.658721,-73.098657
"New York, Craryville, 12513",42.22509,-73.73457
"Connecticut, Cornwall, 6031",41.828067,-73.332345
"Connecticut, Washington, 6793",41.63148,-73.31067
"New York, Claverack, 12534",42.184313,-73.742997
"New York, Sand Lake, 12196",42.623661,-73.730785
"Connecticut, Middlebury, 6762",41.528274,-73.116458
"New York, Craryville, 12521",42.190488,-73.64465
"Vermont, Pownal, 5261",42.790682,-73.201254
"New York, Grafton, 12052",42.623661,-73.730785
"New York, Stephentown, 12062",42.623661,-73.730785
"New York, Ghent, 12037",42.335777,-73.528651
"Connecticut, Watertown, 6779",41.60621,-73.11817
"New York, New Lebanon, 12062",42.623661,-73.730785
"New York, Old Chatham, 12136",42.434992,-73.561172
"New York, Brunswick, 12052",42.75447,-73.478427
"New York, Poestenkill, 12140",42.69446,-73.55469
"New York, Chatham, 12123",42.534102,-73.619419
"New York, Austerlitz, 12037",42.335777,-73.528651
"Connecticut, Litchfield, 6778",41.74732,-73.18872
"New York, Sand Lake, 12153",42.635503,-73.479705
"Connecticut, Cromwell, 6416",41.604477,-72.670892
"Connecticut, New Britain, 6051",41.677019,-72.760732
"Connecticut, Haddam, 6441",41.471457,-72.511376
"Connecticut, Guilford, 6437",41.338847,-72.690089
"Connecticut, Meriden, 6450",41.536498,-72.801901
"Connecticut, New Britain, 6052",41.677019,-72.760732
"Connecticut, West Hartford, 6110",41.733156,-72.722595
"Connecticut, Middletown, 6457",41.550139,-72.655357
"Connecticut, North Branford, 6472",41.332347,-72.780892
"Connecticut, Berlin, 6037",41.602948,-72.769991
"Connecticut, Meriden, 6451",41.54011,-72.81888
"Connecticut, Wallingford, 6492",41.456205,-72.811047
"Connecticut, East Hampton, 6424",41.559841,-72.494927
"Connecticut, Portland, 6480",41.598339,-72.601307
"Vermont, Wilmington, 5363",42.86841,-72.87149
"Connecticut, Middlefield, 6455",41.515346,-72.712988
"Connecticut, Rocky Hill, 6067",41.657249,-72.670887
"Connecticut, Haddam, 6424",41.471457,-72.511376
"Connecticut, Haddam, 6438",41.471457,-72.511376
"Connecticut, Colchester, 6415",41.546443,-72.338832
"Connecticut, Madison, 6443",41.27954,-72.59843
"Connecticut, Middlefield, 6481",41.515346,-72.712988
"Connecticut, East Haddam, 6423",41.475478,-72.389729
"New York, Elizaville, 12523",42.05092,-73.79374
"New York, Wassaic, 12592",41.802285,-73.560425
"New York, Millbrook, 12545",41.832012,-73.637175
"New York, Amenia, 12501",41.848,-73.55277
"New York, Dover Plains, 12522",41.557462,-73.901489
"New York, Amenia, 12592",41.802285,-73.560425
"New York, Clinton Corners, 12514",44.69046,-73.456617
"New York, Wingdale, 12594",41.64704,-73.56818
"Connecticut, Kent, 6757",41.774725,-73.401908
"New York, Gallatin, 12502",42.067399,-73.657698
"New York, Pine Plains, 12567",42.358385,-73.736517
"New York, Gallatin, 12571",42.002775,-73.809608
"New York, Red Hook, 12571",42.002775,-73.809608
"New York, Stanfordville, 12581",41.913511,-73.695442
"New York, Taghkanic, 12523",42.05092,-73.79374
"Connecticut, Kent, 6785",41.774725,-73.401908
"New York, Dover Plains, 12594",41.74368,-73.57702
"New York, Gallatin, 12523",42.05092,-73.79374
"New York, Dover, 12594",41.64704,-73.56818
"New York, Hudson, 12534",42.184313,-73.742997
"New York, Salt Point, 12578",41.81246,-73.786647
"Vermont, Brattleboro, 5301",42.86284,-72.558073
"New Hampshire, Fitzwilliam, 3447",42.78064,-72.14175
"New Hampshire, Sullivan, 3445",43.474141,-71.96446
"New Hampshire, Keene, 3431",42.965044,-72.294803
"New Hampshire, Surry, 3431",42.965044,-72.294803
"New Hampshire, Peterborough, 3458",42.762553,-71.502393
"New Hampshire, Gilsum, 3448",43.04841,-72.26286
"New Hampshire, Jaffrey, 3452",42.821969,-72.082559
"New Hampshire, Chesterfield, 3466",42.90425,-72.51564
"New Hampshire, Chesterfield, 3462",42.90703,-72.41953
"New Hampshire, Rindge, 3461",42.76509,-72.00912
"Vermont, Putney, 5346",43.016096,-72.534025
"New Hampshire, Swanzey, 3446",42.841079,-72.330145
"New Hampshire, Swanzey, 3431",42.965044,-72.294803
"Vermont, Newfane, 5351",43.013138,-72.678725
"Vermont, Dover, 5341",42.964292,-72.79786
"Vermont, Dover, 5356",42.964292,-72.79786
"Massachusetts, Ashby, 1431",42.67787,-71.82035
"Massachusetts, Ayer, 1432",42.566573,-71.575135
"Massachusetts, Hudson, 1749",42.39178,-71.56443
"Massachusetts, Fitchburg, 1420",42.583689,-71.816767
"Massachusetts, Ashburnham, 1430",42.654906,-71.920942
"Massachusetts, Leominster, 1453",42.52509,-71.75979
"New Hampshire, Pelham, 3076",42.762553,-71.502393
"Massachusetts, Shirley, 1464",42.53978,-71.65859
"Massachusetts, Sudbury, 1776",42.38343,-71.41617
"Massachusetts, Bolton, 1740",42.436043,-71.605916
"Massachusetts, Westford, 1886",42.57926,-71.43784
"Massachusetts, Groton, 1450",42.61176,-71.565269
"Massachusetts, Marlborough, 1752",42.34909,-71.54546
"Massachusetts, Clinton, 1510",42.413972,-71.687523
"Massachusetts, West Boylston, 1583",42.362783,-71.781215
"Massachusetts, Dracut, 1826",42.67037,-71.30201
"Massachusetts, Stow, 1775",42.43704,-71.50562
"Massachusetts, Sterling, 1564",42.43759,-71.76063
"Massachusetts, Pepperell, 1463",42.67001,-71.59072
"Massachusetts, Lowell, 1854",42.649481,-71.348229
"Massachusetts, Lowell, 1851",42.627812,-71.33533
"New Hampshire, Nashua, 3060",42.762553,-71.502393
"New Hampshire, Hollis, 3049",42.762553,-71.502393
"Massachusetts, Littleton, 1460",42.53759,-71.51201
"Massachusetts, Tyngsborough, 1879",42.67676,-71.42451
"Massachusetts, Lowell, 1852",42.631849,-71.295785
"Massachusetts, Lunenburg, 1462",42.595578,-71.723837
"Massachusetts, Maynard, 1754",42.446396,-71.459405
"Massachusetts, Dunstable, 1827",42.67509,-71.48284
"Massachusetts, Chelmsford, 1824",42.59981,-71.36728
"Massachusetts, Acton, 1720",42.474949,-71.453146
"Massachusetts, Northborough, 1532",42.322118,-71.64282
"Massachusetts, Carlisle, 1741",42.52926,-71.3495
"New Hampshire, Nashua, 3062",42.762553,-71.502393
"Massachusetts, Townsend, 1469",42.67167,-71.70406
"Massachusetts, Lowell, 1850",42.656045,-71.303309
"Massachusetts, Boxborough, 1719",42.485431,-71.536132
"Massachusetts, Lancaster, 1523",42.45565,-71.67312
"Massachusetts, Townsend, 1474",42.67167,-71.70406
"Massachusetts, Billerica, 1862",42.54933,-71.251725
"Massachusetts, Billerica, 1821",42.54933,-71.251725
"Massachusetts, Concord, 1742",42.46037,-71.34895
"New Hampshire, New Ipswich, 3071",42.762553,-71.502393
"New Hampshire, Mason, 3048",42.762553,-71.502393
"New Hampshire, Brookline, 3033",42.762553,-71.502393
"Massachusetts, Weston, 2493",42.336781,-71.292395
"Massachusetts, Burlington, 1803",42.504844,-71.201539
"New Hampshire, Wilton, 3086",42.762553,-71.502393
"New Hampshire, Amherst, 3031",42.762553,-71.502393
"New Hampshire, Milford, 3055",42.762553,-71.502393
"New Hampshire, Antrim, 3440",42.762553,-71.502393
"New Hampshire, Mont Vernon, 3057",42.762553,-71.502393
"New Hampshire, Greenfield, 3047",42.762553,-71.502393
"Massachusetts, Westborough, 1581",42.243565,-71.592736
"New Hampshire, Hancock, 3449",42.762553,-71.502393
"New Hampshire, Weare, 3281",43.083234,-71.762981
"New Hampshire, Nashua, 3063",42.762553,-71.502393
"New Hampshire, Merrimack, 3054",43.452844,-71.921118
"New Hampshire, Bedford, 3110",42.762553,-71.502393
"New Hampshire, New Boston, 3070",42.762553,-71.502393
"New Hampshire, Hudson, 3051",42.762553,-71.502393
"New Hampshire, Manchester, 3109",43.452844,-71.921118
"New Hampshire, Nashua, 3064",42.762553,-71.502393
"New Hampshire, Londonderry, 3053",43.083087,-70.81038
"New Hampshire, Manchester, 3103",43.452844,-71.921118
"New Hampshire, Litchfield, 3052",42.762553,-71.502393
"Massachusetts, Grafton, 1536",42.22731,-71.696987
"Massachusetts, Ashland, 1721",42.28634,-71.495261
"Massachusetts, Southborough, 1772",42.276107,-71.532865
"Massachusetts, Upton, 1568",42.175591,-71.603197
"Massachusetts, Milford, 1757",42.147087,-71.528085
"Massachusetts, Uxbridge, 1569",42.059736,-71.638438
"Massachusetts, Framingham, 1701",42.312421,-71.424536
"Massachusetts, Framingham, 1702",42.312421,-71.424536
"Massachusetts, Hopkinton, 1748",42.25264,-71.583695
"Massachusetts, Wayland, 1778",42.320547,-71.3418
"Massachusetts, Douglas, 1516",42.05426,-71.73951
"Massachusetts, Northbridge, 1534",42.15148,-71.64951
"Massachusetts, Lincoln, 1773",42.42593,-71.30395
"Massachusetts, Northbridge, 1588",42.15148,-71.64951
"Massachusetts, Oxford, 1537",42.181121,-71.89943
"Massachusetts, Lexington, 2420",42.435712,-71.212113
"Massachusetts, Winchester, 1890",42.454545,-71.148779
"Massachusetts, Bedford, 1730",42.49065,-71.27617
"Massachusetts, Woburn, 1801",42.51726,-71.159413
"Massachusetts, Lexington, 2421",42.447449,-71.245577
"Massachusetts, Waltham, 2451",42.398588,-71.24505
"Massachusetts, Waltham, 2453",42.365396,-71.23165
"Massachusetts, Waltham, 2452",42.394319,-71.218049
"Massachusetts, Tewksbury, 1876",42.61065,-71.23422
"Massachusetts, Natick, 1760",42.302212,-71.333381
"Massachusetts, Wellesley, 2482",42.294546,-71.299201
"Massachusetts, Wellesley, 2481",42.294546,-71.299201
"Massachusetts, Methuen, 1844",42.73184,-71.186915
"New Hampshire, Windham, 3087",42.831356,-71.337842
"New Hampshire, Salem, 3079",43.083087,-70.81038
"Massachusetts, Blackstone, 1504",42.01788,-71.54117
"Rhode Island, Woonsocket, 2895",41.994191,-71.498568
"Rhode Island, North Smithfield, 2896",41.940608,-71.399089
"Rhode Island, Burrillville, 2830",41.97239,-71.648502
"Rhode Island, Burrillville, 2859",41.96415,-71.723316
"Rhode Island, Burrillville, 2858",41.962303,-71.647542
"Massachusetts, Hopedale, 1747",42.127515,-71.533138
"Rhode Island, Burrillville, 2839",41.941715,-71.637581
"Massachusetts, Mendon, 1756",42.100352,-71.546961
"New Hampshire, Plaistow, 3053",43.083087,-70.81038
"Connecticut, East Haddam, 6415",41.475478,-72.389729
"Connecticut, Salem, 6420",41.527441,-72.269141
"Connecticut, Windham, 6266",41.693914,-72.137843
"Connecticut, Windham, 6256",41.693914,-72.137843
"Connecticut, Lyme, 6371",41.295893,-72.257817
"Connecticut, Windham, 6280",41.693914,-72.137843
"Rhode Island, Glocester, 2814",41.940608,-71.399089
"Connecticut, Killingly, 6241",41.83871,-71.869238
"Rhode Island, Cranston, 2921",41.785289,-71.462199
"Rhode Island, East Providence, 2914",41.813429,-71.363348
"Rhode Island, North Providence, 2911",41.8501,-71.46617
"Massachusetts, North Attleboro, 2760",41.964376,-71.326448
"Rhode Island, Pawtucket, 2861",41.872439,-71.372093
"Rhode Island, Cumberland, 2864",41.939838,-71.398504
"Rhode Island, Middletown, 2842",41.490682,-71.303343
"Massachusetts, Medway, 2053",42.156282,-71.427663
"Massachusetts, Holliston, 1746",42.2001,-71.4245
"Massachusetts, Norfolk, 2056",42.146081,-71.328749
"Massachusetts, Franklin, 2038",42.08868,-71.404814
"Massachusetts, Sherborn, 1770",42.23899,-71.36978
"Rhode Island, Lincoln, 2865",41.900705,-71.415352
"Massachusetts, Bellingham, 2019",42.076501,-71.470464
"Massachusetts, Wrentham, 2093",42.054311,-71.371169
"Massachusetts, Plainville, 2762",42.00427,-71.33283
"Rhode Island, Lincoln, 2802",41.900705,-71.415352
"Massachusetts, Dover, 2030",42.236114,-71.283072
"Rhode Island, Providence, 2908",41.83019,-71.383513
"Rhode Island, Coventry, 2816",41.694251,-71.636786
"Rhode Island, Barrington, 2806",41.742501,-71.320395
"Rhode Island, Providence, 2905",41.83019,-71.383513
"Rhode Island, Smithfield, 2917",41.940608,-71.399089
"Rhode Island, Johnston, 2919",41.855999,-71.490241
"Rhode Island, Cranston, 2910",41.785289,-71.462199
"Rhode Island, Pawtucket, 2860",41.868861,-71.372945
"Rhode Island, Cranston, 2920",41.785289,-71.462199
"Rhode Island, Providence, 2909",41.83019,-71.383513
"Rhode Island, Providence, 2904",41.83019,-71.383513
"Rhode Island, West Warwick, 2893",41.67543,-71.380594
"Rhode Island, Warwick, 2889",41.67543,-71.380594
"Rhode Island, Cranston, 2905",41.785289,-71.462199
"Rhode Island, Providence, 2910",41.83019,-71.383513
"Rhode Island, Warwick, 2888",41.67543,-71.380594
"Rhode Island, Central Falls, 2863",41.940608,-71.399089
"Rhode Island, Providence, 2906",41.83019,-71.383513
"Connecticut, Plainfield, 6354",41.688121,-71.884113
"Rhode Island, Warren, 2885",41.727451,-71.257492
"Rhode Island, North Providence, 2904",41.940608,-71.399089
"Rhode Island, Providence, 2907",41.83019,-71.383513
"Rhode Island, Warwick, 2886",41.67543,-71.380594
"Massachusetts, Seekonk, 2771",41.840103,-71.318995
"Connecticut, Sterling, 6377",41.719948,-71.823184
"Rhode Island, East Greenwich, 2818",41.623552,-71.506276
"Rhode Island, Jamestown, 2835",41.462348,-71.195188
"Connecticut, North Stonington, 6359",41.466851,-71.880694
"Rhode Island, Glocester, 2857",41.785289,-71.462199
"Rhode Island, West Greenwich, 2817",41.67543,-71.380594
"Rhode Island, East Providence, 2915",41.68274,-71.164003
"Rhode Island, Providence, 2903",41.83019,-71.383513
"Rhode Island, North Providence, 2908",41.837399,-71.4399
"Rhode Island, Bristol, 2809",41.678378,-71.2704
"Rhode Island, East Providence, 2916",41.785289,-71.462199
"Massachusetts, Foxboro, 2035",42.062204,-71.235774
"Massachusetts, Attleboro, 2703",41.938976,-71.302297
"Rhode Island, Cranston, 2831",41.785289,-71.462199
"Rhode Island, Portsmouth, 2872",41.642521,-71.226234
"Rhode Island, North Kingstown, 2852",41.400244,-71.466266
"Rhode Island, Scituate, 2857",41.785289,-71.462199
"Rhode Island, Cranston, 2907",41.785289,-71.462199
"Connecticut, Killingly, 6239",41.765079,-71.871631
"Rhode Island, Smithfield, 2828",41.879298,-71.551682
"Rhode Island, Warwick, 2818",41.67543,-71.380594
"Rhode Island, Hopkinton, 2873",41.400244,-71.466266
"Rhode Island, Richmond, 2898",41.400244,-71.466266
"Massachusetts, Medfield, 2052",42.181265,-71.309934
"Connecticut, Voluntown, 6384",41.576894,-71.866587
"Rhode Island, Scituate, 2831",41.855507,-71.491352
"Rhode Island, Richmond, 2892",41.400244,-71.466266
"Rhode Island, Portsmouth, 2871",41.642521,-71.226234
"Rhode Island, Scituate, 2825",41.940608,-71.399089
"Rhode Island, North Kingstown, 2874",41.400244,-71.466266
"Rhode Island, Coventry, 2827",41.691676,-71.727467
"Massachusetts, Andover, 1810",42.647991,-71.165685
"Massachusetts, Boston, 2135",42.336342,-71.104176
"Massachusetts, Boston, 2130",42.337467,-71.078569
"Massachusetts, Boston, 2131",42.351047,-71.059365
"Massachusetts, Newton, 2458",42.357063,-71.181851
"Massachusetts, Needham, 2492",42.279797,-71.25006
"Massachusetts, Lawrence, 1841",42.712015,-71.164873
"Massachusetts, North Andover, 1845",42.692303,-71.131462
"Massachusetts, Saugus, 1906",42.472112,-70.997794
"Massachusetts, Boston, 2115",42.346827,-71.087397
"Massachusetts, Rehoboth, 2769",41.852989,-71.243061
"Massachusetts, Norton, 2766",41.959149,-71.180393
"Massachusetts, Mansfield, 2048",42.013182,-71.218373
"Massachusetts, Malden, 2148",42.436545,-71.085396
"Massachusetts, Boston, 2108",42.357767,-71.064848
"Massachusetts, Belmont, 2478",42.412795,-71.204399
"Massachusetts, Wakefield, 1880",42.499891,-71.068829
"Massachusetts, Cambridge, 2138",42.373081,-71.118224
"Massachusetts, Boston, 2116",42.337467,-71.078569
"Massachusetts, Cambridge, 2141",42.3766,-71.119569
"Massachusetts, Somerville, 2145",42.391046,-71.095146
"Massachusetts, Newton, 2467",42.35341,-71.187882
"Massachusetts, Medford, 2155",42.429548,-71.108416
"Massachusetts, Brookline, 2446",42.350491,-71.110427
"Massachusetts, Boston, 2114",42.337467,-71.078569
"Massachusetts, Watertown, 2472",42.369451,-71.177925
"Massachusetts, Chelsea, 2150",42.39176,-71.03283
"Massachusetts, Cambridge, 2140",42.39317,-71.125716
"Massachusetts, Cambridge, 2139",42.363838,-71.101339
"Massachusetts, Newton, 2465",42.35605,-71.186805
"Massachusetts, Boston, 2215",42.349441,-71.089
"Massachusetts, Arlington, 2476",42.42029,-71.169966
"Massachusetts, Somerville, 2143",42.38092,-71.098896
"Massachusetts, Newton, 2468",42.35341,-71.187882
"Massachusetts, Brookline, 2445",42.350491,-71.110427
"Massachusetts, Revere, 2151",42.40843,-71.01199
"Massachusetts, Wilmington, 1887",42.561365,-71.181769
"Massachusetts, Everett, 2149",42.407396,-71.051183
"Massachusetts, Newton, 2460",42.3563,-71.185384
"Massachusetts, Newton, 2459",42.357063,-71.181851
"Massachusetts, Reading, 1867",42.537065,-71.107172
"Massachusetts, Boston, 2129",42.337467,-71.078569
"Massachusetts, Newton, 2461",42.425276,-71.190144
"Massachusetts, Stoneham, 2180",42.474595,-71.098146
"Massachusetts, Brookline, 2467",42.343097,-71.123046
"Massachusetts, North Reading, 1864",42.581332,-71.083725
"Massachusetts, Boston, 2134",42.363175,-71.068646
"Massachusetts, Somerville, 2144",42.399655,-71.12255
"Massachusetts, Melrose, 2176",42.458995,-71.053095
"Massachusetts, Boston, 2467",42.354318,-71.073449
"Massachusetts, Arlington, 2474",42.407777,-71.144517
"Massachusetts, Newton, 2462",42.35341,-71.187882
"Massachusetts, Lawrence, 1843",42.689974,-71.160383
"Massachusetts, Newton, 2466",42.350963,-71.208808
"Massachusetts, Boston, 2199",42.347247,-71.082395
"Massachusetts, Boston, 2119",42.337467,-71.078569
"Massachusetts, Boston, 2120",42.337467,-71.078569
"Massachusetts, Boston, 2132",42.360253,-71.058291
"Massachusetts, Boston, 2121",42.337467,-71.078569
"Massachusetts, Westwood, 2090",42.220548,-71.199238
"Massachusetts, Boston, 2118",42.332198,-71.071433
"Massachusetts, Needham, 2494",42.299405,-71.232706
"Massachusetts, Dedham, 2026",42.268169,-71.178346
"Massachusetts, Newton, 2464",42.35341,-71.187882
"Massachusetts, Middleton, 1949",42.59509,-71.01616
"Massachusetts, Georgetown, 1833",42.72377,-70.981298
"Massachusetts, Boxford, 1921",42.683256,-71.017403
"Massachusetts, Sharon, 2067",42.105288,-71.184785
"Massachusetts, Norwood, 2062",42.182798,-71.196277
"Massachusetts, Boston, 2124",42.337467,-71.078569
"Massachusetts, Canton, 2021",42.179146,-71.121185
"Massachusetts, Boston, 2128",42.448255,-71.26876
"Massachusetts, Haverhill, 1830",42.792639,-71.072501
"Massachusetts, Boston, 2111",42.351047,-71.059365
"Massachusetts, Boston, 2125",42.321853,-71.062549
"Massachusetts, Boston, 2127",42.337467,-71.078569
"Massachusetts, Boston, 2109",42.360027,-71.054495
"Massachusetts, Boston, 2136",42.354318,-71.073449
"Massachusetts, Boston, 2110",42.361962,-71.047847
"Massachusetts, Boston, 2122",42.29658,-71.055215
"Massachusetts, Milton, 2186",42.240598,-71.078494
"Massachusetts, Boston, 2113",42.337467,-71.078569
"Massachusetts, Boston, 2126",42.337467,-71.078569
"Massachusetts, Boston, 2210",42.347547,-71.040645
"Massachusetts, Hyde Park, 2136",42.254248,-71.129321
"Massachusetts, Lynnfield, 1940",42.533732,-71.028775
"Massachusetts, Peabody, 1960",42.536996,-70.973646
"Massachusetts, Randolph, 2368",42.171467,-71.055602
"Massachusetts, Stoughton, 2072",42.118416,-71.105733
"Massachusetts, Walpole, 2032",42.148624,-71.255533
"Massachusetts, Walpole, 2081",42.137792,-71.245832
"Massachusetts, Easton, 2356",42.023528,-71.132397
"Massachusetts, Easton, 2375",42.023528,-71.132397
"Massachusetts, Haverhill, 1832",42.789627,-71.126562
"Massachusetts, Haverhill, 1835",42.752844,-71.084301
"Massachusetts, Lawrence, 1840",42.70734,-71.161052
"Massachusetts, Merrimac, 1860",42.83065,-71.00228
"Massachusetts, Salisbury, 1952",42.851234,-70.865667
"Massachusetts, Newbury, 1951",42.777524,-70.867246
"Massachusetts, Ipswich, 1938",42.68571,-70.864132
"Massachusetts, Wenham, 1984",42.597691,-70.8732
"New Hampshire, Hampton, 3842",43.083087,-70.81038
"New Hampshire, Raymond, 3077",43.083087,-70.81038
"New Hampshire, Exeter, 3833",43.083087,-70.81038
"Massachusetts, Newburyport, 1950",42.80965,-70.873196
"New Hampshire, Kensington, 3833",43.083087,-70.81038
"New Hampshire, Kingston, 3848",43.083087,-70.81038
"New Hampshire, Plaistow, 3865",43.083087,-70.81038
"New Hampshire, Derry, 3038",43.083087,-70.81038
"New Hampshire, Danville, 3819",43.083087,-70.81038
"New Hampshire, Hampstead, 3841",43.083087,-70.81038
"Massachusetts, Newbury, 1922",42.777524,-70.867246
"Massachusetts, Topsfield, 1983",42.661793,-70.954487
"New Hampshire, Seabrook, 3874",42.873052,-70.817995
"Massachusetts, West Newbury, 1985",42.79414,-70.971068
"New Hampshire, Brentwood, 3833",43.083087,-70.81038
"Massachusetts, Amesbury, 1913",42.853539,-70.948211
"Massachusetts, Rowley, 1969",42.716155,-70.892754
"New Hampshire, Sandown, 3873",42.873052,-70.817995
"New Hampshire, Atkinson, 3811",43.083087,-70.81038
"New Hampshire, Newton, 3858",43.083087,-70.81038
"New Hampshire, South Hampton, 3827",43.083087,-70.81038
"Massachusetts, Beverly, 1915",42.565145,-70.853843
"Massachusetts, Danvers, 1923",42.575238,-70.928765
"Massachusetts, Hamilton, 1982",42.635443,-70.879123
"Massachusetts, Salem, 1970",42.512946,-70.904237
"Massachusetts, Lynn, 1901",42.476961,-70.938137
"Massachusetts, Lynn, 1902",42.476961,-70.938137
"Massachusetts, Lynn, 1904",42.476961,-70.938137
"Massachusetts, Lynn, 1905",42.469395,-70.972844
"Massachusetts, Swampscott, 1907",42.46801,-70.89243
"Massachusetts, Nahant, 1908",42.427296,-70.922442
"Massachusetts, Essex, 1929",42.62781,-70.780576
"Massachusetts, Gloucester, 1930",42.630011,-70.694179
"Massachusetts, Manchester, 1944",42.579503,-70.755062
"Massachusetts, Winthrop, 2152",42.378447,-70.981679
"Massachusetts, Hull, 2045",42.284413,-70.873659
"Massachusetts, Marblehead, 1945",42.49284,-70.83484
"Massachusetts, Rockport, 1966",42.657866,-70.618057
"Massachusetts, Scituate, 2066",42.207254,-70.770188
"Massachusetts, Norwell, 2061",42.154145,-70.823035
"Massachusetts, Marshfield, 2050",42.111805,-70.710744
"Massachusetts, Hingham, 2043",42.212105,-70.884989
"Massachusetts, Quincy, 2169",42.247656,-70.988275
"Massachusetts, Holbrook, 2343",42.144424,-71.00289
"Massachusetts, Weymouth, 2188",42.20794,-70.95514
"Massachusetts, Braintree, 2184",42.180809,-71.013551
"Massachusetts, Weymouth, 2189",42.210649,-70.932318
"Massachusetts, Abington, 2351",42.11749,-70.959888
"Massachusetts, Weymouth, 2190",42.167841,-70.95074
"Massachusetts, Cohasset, 2025",42.233938,-70.815826
"Massachusetts, Hanover, 2339",42.123534,-70.851048
"Massachusetts, Quincy, 2171",42.247656,-70.988275
"Massachusetts, Quincy, 2170",42.247656,-70.988275
"Massachusetts, Weymouth, 2191",42.251499,-70.94484
"New Hampshire, North Hampton, 3862",42.980997,-70.838758
"New Hampshire, Rye, 3870",42.873052,-70.817995
"Massachusetts, Pembroke, 2359",42.065702,-70.800778
"Massachusetts, Duxbury, 2332",42.052985,-70.710808
"Massachusetts, Kingston, 2364",41.979405,-70.744813
"Massachusetts, Brockton, 2301",42.098908,-70.99296
"Massachusetts, Brockton, 2302",42.098908,-70.99296
"Massachusetts, Whitman, 2382",42.0785,-70.940837
"Massachusetts, Raynham, 2767",41.9367,-71.048941
"Massachusetts, Taunton, 2780",41.909112,-71.118346
"Massachusetts, West Bridgewater, 2379",42.02165,-71.023588
"Massachusetts, Avon, 2322",42.126049,-71.048216
"Massachusetts, Rockland, 2370",42.13066,-70.91616
"Massachusetts, Bridgewater, 2324",41.973741,-70.976558
"Massachusetts, Carver, 2330",41.896238,-70.759689
"Massachusetts, East Bridgewater, 2333",42.02285,-70.931056
"Massachusetts, Halifax, 2338",41.988351,-70.860578
"Massachusetts, Hanson, 2341",42.055701,-70.875936
"Massachusetts, Plympton, 2367",41.96914,-70.812299
"Massachusetts, Middleboro, 2346",41.874694,-70.934578
"Massachusetts, Fall River, 2720",41.726343,-71.120746
"Massachusetts, Freetown, 2717",41.747358,-70.978947
"Massachusetts, Lakeville, 2347",41.874694,-70.934578
"Massachusetts, Somerset, 2726",41.766933,-71.141247
"Massachusetts, Dighton, 2715",41.817659,-71.151787
"Massachusetts, Berkley, 2779",41.828249,-71.064135
"Massachusetts, Plymouth, 2360",41.886207,-70.638717
"Massachusetts, Wareham, 2538",41.760216,-70.694662
"Massachusetts, Rochester, 2770",41.751812,-70.846041
"Massachusetts, Taunton, 2718",41.909112,-71.118346
"Massachusetts, Marion, 2738",41.736735,-70.754015
"Massachusetts, Wareham, 2571",41.760216,-70.694662
"Massachusetts, Bourne, 2532",41.741217,-70.59892
"Massachusetts, Buzzards Bay, 2532",41.745505,-70.590471
"Massachusetts, Mattapoisett, 2739",41.664976,-70.810856
"Massachusetts, Wareham, 2532",41.760216,-70.694662
"Massachusetts, East Wareham, 2538",41.75816,-70.67364
"Massachusetts, West Wareham, 2576",41.78996,-70.75502
"Massachusetts, Pocasset, 2559",41.694771,-70.622769
"Massachusetts, New Bedford, 2745",41.7087,-70.946883
"Massachusetts, Bournedale, 2532",41.775383,-70.562252
"Massachusetts, Centerville, 2632",41.659095,-70.346876
"Massachusetts, Sandwich, 2537",41.711291,-70.477482
"Massachusetts, Barnstable, 2648",41.697313,-70.301394
"Massachusetts, Falmouth, 2536",41.57419,-70.628285
"Massachusetts, Marstons Mills, 2648",41.65622,-70.41614
"Massachusetts, Sandwich, 2563",41.711291,-70.477482
"Massachusetts, West Barnstable, 2668",41.70566,-70.37447
"Massachusetts, Barnstable, 2601",41.697313,-70.301394
"Massachusetts, Falmouth, 2540",41.546644,-70.59656
"Massachusetts, East Falmouth, 2536",41.57076,-70.55554
"Massachusetts, Chilmark, 2535",41.34317,-70.74475
"Massachusetts, East Sandwich, 2537",41.72832,-70.439975
"Massachusetts, Edgartown, 2539",41.401176,-70.552054
"Massachusetts, West Falmouth, 2540",41.546644,-70.59656
"Massachusetts, Mashpee, 2649",41.64844,-70.48114
"Massachusetts, Fairhaven, 2719",41.631672,-70.870045
"Massachusetts, Osterville, 2655",41.62844,-70.38697
"Massachusetts, Barnstable, 2655",41.697313,-70.301394
"Massachusetts, Vineyard Haven, 2568",41.458594,-70.61592
"Massachusetts, Sandwich, 2644",41.711291,-70.477482
"Massachusetts, Bourne, 2559",41.741217,-70.59892
"Massachusetts, Nantucket, 2554",41.274189,-70.205632
"Massachusetts, North Falmouth, 2556",41.64107,-70.63367
"Massachusetts, Falmouth, 2556",41.551498,-70.614752
"Massachusetts, Oak Bluffs, 2557",41.462578,-70.563241
"Massachusetts, Bourne, 2562",41.741217,-70.59892
"Massachusetts, Sagamore Beach, 2562",41.793263,-70.519584
"Massachusetts, New Seabury, 2649",41.571499,-70.475305
"Massachusetts, New Bedford, 2740",41.633416,-70.951045
"Massachusetts, Woods Hole, 2540",41.546644,-70.59656
"Massachusetts, Cotuit, 2635",41.624341,-70.43638
"Massachusetts, Popponesset, 2649",41.64844,-70.48114
"Massachusetts, Forestdale, 2644",41.68439,-70.5078
"Massachusetts, Barnstable, 2632",41.697313,-70.301394
"Massachusetts, Tisbury, 2568",41.458594,-70.61592
"Massachusetts, West Tisbury, 2575",41.42125,-70.642806
"Massachusetts, Oak Bluffs, 2568",41.462578,-70.563241
"Massachusetts, West Yarmouth, 2673",41.644299,-70.24762
"Massachusetts, Hyannis, 2601",41.65289,-70.2828
"Massachusetts, Barnstable, 2630",41.697313,-70.301394
"Massachusetts, Yarmouth, 2673",41.644299,-70.24762
"Massachusetts, Cummaquid, 2675",41.701438,-70.277212
"Massachusetts, South Yarmouth, 2664",41.66861,-70.2005
"Massachusetts, New Bedford, 2746",41.661694,-70.941208
"Massachusetts, Chatham, 2633",41.67633,-69.96321
"Massachusetts, Brewster, 2631",41.76176,-70.08126
"Massachusetts, Yarmouth, 2664",41.66861,-70.2005
"Massachusetts, South Dennis, 2660",41.70514,-70.15377
"Massachusetts, Yarmouth Port, 2675",41.71007,-70.22586
"Massachusetts, Dennis, 2638",41.73296,-70.19933
"Massachusetts, Dennis, 2639",41.73296,-70.19933
"Massachusetts, West Dennis, 2670",41.66563,-70.16604
"Massachusetts, Dennis Port, 2639",41.66781,-70.13596
"Massachusetts, East Dennis, 2641",41.74261,-70.16196
"Massachusetts, Eastham, 2642",41.83011,-69.97391
"Massachusetts, Orleans, 2653",41.7899,-70.00107
"Massachusetts, Harwich, 2645",41.68622,-70.07585
"Massachusetts, Wellfleet, 2667",41.93761,-70.0328
"Massachusetts, North Chatham, 2650",41.7015,-69.95363
"Massachusetts, Harwich Port, 2646",41.67026,-70.0639
"Massachusetts, South Chatham, 2659",41.67928,-70.02446
"Massachusetts, East Harwich, 2645",41.644954,-70.247046
"Massachusetts, West Harwich, 2671",41.66678,-70.11613
"Massachusetts, New Bedford, 2744",41.609354,-70.916181
"Massachusetts, Dartmouth, 2747",41.645968,-71.022939
"Massachusetts, Dartmouth, 2748",41.756214,-71.067062
"Massachusetts, Provincetown, 2657",42.05844,-70.17864
"Massachusetts, Truro, 2666",41.987377,-70.047163
"Massachusetts, Fall River, 2721",41.678895,-71.153648
"Massachusetts, Fall River, 2723",41.693802,-71.133088
"Massachusetts, Fall River, 2724",41.684202,-71.175139
"Massachusetts, Swansea, 2777",41.766629,-71.234443
"Massachusetts, Somerset, 2725",41.766933,-71.141247
"Rhode Island, Tiverton, 2878",41.462348,-71.195188
"Massachusetts, Westport, 2790",41.61547,-71.079636
"Massachusetts, Plainville, 2760",42.00427,-71.33283
"Rhode Island, Newport, 2840",41.490616,-71.303636
"Massachusetts, Westport, 2791",41.61547,-71.079636
"Rhode Island, Little Compton, 2837",41.462348,-71.195188
"Rhode Island, South Kingstown, 2879",41.400244,-71.466266
"Rhode Island, Hopkinton, 2804",41.442259,-71.751815
"Rhode Island, Block Island, 2807",41.400244,-71.466266
"Rhode Island, Westerly, 2808",41.400244,-71.466266
"Connecticut, Stonington, 6379",41.374068,-71.844339
"Connecticut, Groton, 6340",41.355405,-72.038268
"Rhode Island, Westerly, 2891",41.360478,-71.823414
"Connecticut, Groton, 6355",41.39973,-72.090357
"Rhode Island, Charlestown, 2813",41.400244,-71.466266
"Connecticut, Stonington, 6378",41.378598,-71.917915
"Connecticut, Griswold, 6351",41.599562,-71.982619
"Rhode Island, Narragansett, 2882",41.400244,-71.466266
"Connecticut, Stonington, 6355",41.378598,-71.917915
"Rhode Island, Richmond, 2836",41.400244,-71.466266
"Connecticut, Ledyard, 6339",41.441939,-71.990545
"Connecticut, Mystic, 6355",41.35742,-71.95497
"New York, Montauk, 11954",40.693136,-73.381342
"Connecticut, Preston, 6365",41.522369,-71.993427
"Connecticut, Plainfield, 6374",41.670444,-71.905342
"Rhode Island, Exeter, 2822",41.400244,-71.466266
"New York, Southold, 6390",40.693136,-73.381342
"Rhode Island, Foster, 2825",41.790569,-71.70644
"Connecticut, Norwich, 6360",41.560426,-72.11231
"Connecticut, Ledyard, 6335",41.441939,-71.990545
"Connecticut, Lisbon, 6351",41.599562,-71.982619
"Connecticut, Canterbury, 6331",41.696753,-71.998277
"Connecticut, Norwich, 6380",41.560426,-72.11231
"Connecticut, Sprague, 6330",41.61704,-72.08452
"Connecticut, Plainfield, 6234",41.688121,-71.884113
"New Hampshire, Auburn, 3032",43.083087,-70.81038
"New Hampshire, Chester, 3036",43.083087,-70.81038
"New Hampshire, Manchester, 3104",43.452844,-71.921118
"New Hampshire, Northwood, 3261",43.452844,-71.921118
"New Hampshire, Barrington, 3825",43.22286,-71.04701
"New Hampshire, Nottingham, 3290",43.083087,-70.81038
"New Hampshire, Goffstown, 3045",43.014494,-71.550276
"New Hampshire, Deerfield, 3037",43.083087,-70.81038
"New Hampshire, Epping, 3042",43.083087,-70.81038
"New Hampshire, Hillsborough, 3244",42.762553,-71.502393
"Maine, Eliot, 3903",43.105372,-70.779124
"New Hampshire, Dunbarton, 3046",43.452844,-71.921118
"New Hampshire, Warner, 3278",43.452844,-71.921118
"New Hampshire, Concord, 3303",43.283877,-71.676396
"New Hampshire, Manchester, 3102",43.452844,-71.921118
"New Hampshire, Pembroke, 3275",43.452844,-71.921118
"New Hampshire, Hooksett, 3106",43.452844,-71.921118
"New Hampshire, Concord, 3301",43.283877,-71.676396
"New Hampshire, Bow, 3304",43.283877,-71.676396
"New Hampshire, Chichester, 3258",43.452844,-71.921118
"New Hampshire, Epsom, 3234",43.452844,-71.921118
"New Hampshire, Allenstown, 3275",43.1381,-71.45273
"New Hampshire, Loudon, 3307",43.283877,-71.676396
"New Hampshire, Hopkinton, 3229",43.188822,-71.674477
"New Hampshire, Henniker, 3242",43.452844,-71.921118
"New Hampshire, Stoddard, 3464",43.07869,-72.11453
"New Hampshire, Washington, 3280",43.17229,-72.100689
"New Hampshire, Webster, 3303",43.283877,-71.676396
"New Hampshire, Newmarket, 3857",43.063507,-70.923323
"New Hampshire, Dover, 3820",43.190666,-70.887661
"New Hampshire, Madbury, 3823",43.167785,-70.903221
"New Hampshire, Newfields, 3856",43.037363,-70.978211
"New Hampshire, Durham, 3824",43.14133,-70.92294
"New Hampshire, Stratham, 3885",43.083087,-70.81038
"New Hampshire, Boscawen, 3303",43.283877,-71.676396
"New Hampshire, Strafford, 3884",43.242955,-71.113684
"New Hampshire, Andover, 3216",43.452844,-71.921118
"New Hampshire, Franklin, 3235",43.44424,-71.6473
"New Hampshire, Belmont, 3220",43.452844,-71.921118
"New Hampshire, Northfield, 3276",43.283877,-71.676396
"New Hampshire, Laconia, 3246",43.576423,-71.481025
"New Hampshire, Tilton, 3276",43.452844,-71.921118
"New Hampshire, Pittsfield, 3263",43.452844,-71.921118
"New Hampshire, Gilmanton, 3837",43.414064,-71.384213
"New Hampshire, Gilmanton, 3237",43.414064,-71.384213
"New Hampshire, Salisbury, 3268",43.40625,-71.717418
"New Hampshire, Canterbury, 3224",43.311464,-71.552847
"New Hampshire, Barnstead, 3218",43.33397,-71.29284
"New Hampshire, Ashland, 3217",43.715626,-71.639896
"New Hampshire, Plymouth, 3264",43.710919,-71.694017
"New Hampshire, Rumney, 3266",43.80535,-71.81258
"New Hampshire, Meredith, 3253",43.65818,-71.50445
"New Hampshire, Gilford, 3249",43.522384,-71.367281
"New Hampshire, Campton, 3223",43.841799,-71.665223
"New Hampshire, Barnstead, 3225",43.332947,-71.237267
"New Hampshire, Bradford, 3221",43.452844,-71.921118
"New Hampshire, Bristol, 3222",43.59784,-71.74691
"New Hampshire, Alexandria, 3222",43.59784,-71.74691
"New Hampshire, Bridgewater, 3222",43.59784,-71.74691
"New Hampshire, Moultonborough, 3254",43.337091,-71.253618
"New Hampshire, Thornton, 3285",43.94787,-71.635802
"New Hampshire, Tuftonboro, 3816",43.694848,-71.300368
"New Hampshire, Danbury, 3230",43.452844,-71.921118
"New Hampshire, Canaan, 3741",43.63123,-72.057312
"New Hampshire, Newbury, 3255",43.452844,-71.921118
"New Hampshire, Grafton, 3240",43.452844,-71.921118
"New Hampshire, Grantham, 3753",43.474141,-71.96446
"New Hampshire, Rochester, 3839",43.262994,-70.991203
"New Hampshire, New London, 3257",43.474141,-71.96446
"New Hampshire, Croydon, 3773",43.474141,-71.96446
"New Hampshire, Wilmot, 3287",43.451048,-71.914721
"New Hampshire, Sunapee, 3782",43.474141,-71.96446
"New Hampshire, Newport, 3773",43.474141,-71.96446
"New Hampshire, Holderness, 3245",43.737831,-71.604406
"New Hampshire, Ossipee, 3814",43.762429,-71.122689
"New Hampshire, Ossipee, 3864",43.68536,-71.11673
"New Hampshire, Tamworth, 3886",43.8598,-71.26313
"New Hampshire, Woodstock, 3262",44.035391,-71.686326
"New Hampshire, Sandwich, 3883",43.8248,-71.30313
"New Hampshire, Effingham, 3882",43.704702,-70.990155
"New Hampshire, Sanbornton, 3269",43.48924,-71.5823
"New Hampshire, Wolfeboro, 3894",43.667102,-71.183597
"New Hampshire, Alton, 3809",43.462586,-71.222455
"New Hampshire, Alton, 3810",43.502514,-71.277387
"New Hampshire, Warren, 3279",43.967542,-71.840883
"New Hampshire, Wentworth, 3282",43.87174,-71.91425
"New Hampshire, Haverhill, 3774",44.077803,-72.014608
"New Hampshire, Benton, 3785",44.1452,-72.02865
"New Hampshire, Enfield, 3748",43.474141,-71.96446
"New Hampshire, Hanover, 3755",43.70701,-72.27741
"New Hampshire, Farmington, 3835",43.39988,-71.07267
"New Hampshire, Freedom, 3836",43.823704,-71.093154
"New Hampshire, Madison, 3849",43.902311,-71.124612
"New Hampshire, Conway, 3818",43.98132,-71.12722
"New Hampshire, Bartlett, 3812",44.07812,-71.28285
"New Hampshire, New Durham, 3855",43.459503,-71.119055
"New Hampshire, Milton, 3851",43.422942,-71.011369
"New Hampshire, Middleton, 3887",43.491469,-71.023121
"New Hampshire, Lebanon, 3766",43.637148,-72.23546
"New Hampshire, Lyme, 3768",43.801656,-72.130495
"New Hampshire, Lebanon, 3784",43.64924,-72.31037
"New Hampshire, Bath, 3740",44.16701,-71.9662
"New Hampshire, Walpole, 3608",43.072239,-72.390121
"Vermont, Norwich, 5055",43.717918,-72.3612
"Vermont, Newbury, 5051",44.068284,-72.118739
"New Hampshire, Orford, 3777",43.927348,-72.10987
"Vermont, Wells River, 5081",44.15423,-72.04704
"New Hampshire, Piermont, 3779",43.948343,-72.062132
"Vermont, Windsor, 5089",43.5181,-72.418059
"New Hampshire, Claremont, 3743",43.474141,-71.96446
"Vermont, Thetford, 5075",43.995961,-72.411393
"New Hampshire, Marlow, 3456",43.119294,-72.202564
"New Hampshire, Alstead, 3602",43.474141,-71.96446
"New Hampshire, Lempster, 3605",43.474141,-71.96446
"Vermont, Newbury, 5081",44.068284,-72.118739
"Vermont, Hartford, 5001",43.667772,-72.324753
"New Hampshire, Sugar Hill, 3586",44.21534,-71.79953
"New Hampshire, Franconia, 3580",44.212814,-71.737162
"New Hampshire, Lisbon, 3585",44.245004,-71.888882
"New Hampshire, Rochester, 3867",43.326831,-70.993148
"Vermont, Springfield, 5156",43.28904,-72.47592
"New Hampshire, Walpole, 3609",43.13897,-72.44814
"Vermont, Rockingham, 5101",43.187577,-72.488978
"Vermont, Westminster, 5158",43.082635,-72.474882
"New Hampshire, Charlestown, 3603",43.474141,-71.96446
"Vermont, Brookline, 5345",43.013138,-72.678725
"New Hampshire, Rochester, 3868",43.324241,-70.940177
"New Hampshire, Milton, 3852",43.50119,-70.96367
"New Hampshire, Somersworth, 3878",43.26175,-70.86534
"New Hampshire, Wakefield, 3872",43.570694,-71.079427
"New Hampshire, Littleton, 3561",44.335289,-71.877638
"New Hampshire, Berlin, 3570",44.512344,-71.194226
"Vermont, Weathersfield, 5156",43.28904,-72.47592
"New Hampshire, Bethlehem, 3574",44.30632,-71.728049
"New Hampshire, Stewartstown, 3576",44.902731,-71.500809
"New Hampshire, Colebrook, 3576",44.902731,-71.500809
"New Hampshire, Columbia, 3576",44.902731,-71.500809
"New Hampshire, Errol, 3579",44.78144,-71.13786
"New Hampshire, Milan, 3588",44.56532,-71.218672
"Maine, Newry, 4261",44.689526,-71.011246
"New Hampshire, Gorham, 3581",44.404848,-71.154758
"New Hampshire, Shelburne, 3581",44.404848,-71.154758
"New Hampshire, Stark, 3582",44.60486,-71.52007
"Vermont, Lunenburg, 5906",44.46311,-71.68203
"New Hampshire, Lancaster, 3584",44.476575,-71.561225
"Vermont, Waterford, 5819",44.42873,-72.01155
"Vermont, Saint Johnsbury, 5819",44.42873,-72.01155
"Vermont, Lyndon, 5851",44.529308,-72.049251
"New Hampshire, Pittsburg, 3592",45.05116,-71.39147
"New Hampshire, Stewartstown, 3597",44.695648,-71.387387
"Maine, Bethel, 4217",44.245518,-70.788437
"Vermont, Concord, 5824",44.42895,-71.89009
"Vermont, Danville, 5828",44.437306,-72.123508
"New Hampshire, Conway, 3813",43.99479,-71.0609
"Vermont, Canaan, 5903",44.930787,-71.597809
"Vermont, Brighton, 5846",44.832535,-71.841125
"Vermont, Lyndon, 5832",44.497557,-71.950519
"Vermont, Barnet, 5821",44.313675,-72.11879
"Vermont, Chester, 5143",43.298315,-72.667167
"Vermont, Woodstock, 5091",43.631348,-72.512835
"Vermont, Hartland, 5048",43.573379,-72.402698
"Vermont, Sharon, 5065",43.777365,-72.407132
"Vermont, Royalton, 5068",43.815901,-72.545654
"Vermont, West Fairlee, 5083",43.90923,-72.26315
"Vermont, Woodstock, 5071",43.631348,-72.512835
"Vermont, Bridgewater, 5035",43.592527,-72.621578
"Vermont, Reading, 5153",43.47559,-72.572818
"Vermont, Groton, 5046",44.21034,-72.19537
"Vermont, Grafton, 5146",43.179936,-72.605636
"New Hampshire, Portsmouth, 3801",43.080435,-70.808203
"New Hampshire, Wakefield, 3830",43.61425,-71.00507
"New Hampshire, New Castle, 3854",43.083087,-70.81038
"Maine, Kittery, 3904",43.086507,-70.747033
"Maine, Fryeburg, 4037",44.020578,-70.976114
"Maine, Parsonsfield, 4047",43.68695,-70.793789
"New Hampshire, Rollinsford, 3869",43.219845,-70.843112
"Maine, Kittery, 3905",43.086507,-70.747033
"Maine, York, 3909",43.180086,-70.609699
"Maine, Bridgton, 4009",44.054968,-70.692954
"Maine, Lovell, 4051",44.242913,-70.876216
"Maine, South Berwick, 3908",43.234324,-70.809148
"Maine, Berwick, 3901",43.256365,-70.599571
"Maine, Waterboro, 4061",43.573684,-70.749181
"Maine, Sanford, 4073",43.431848,-70.770193
"Maine, Shapleigh, 4076",43.599749,-70.885503
"Maine, Wells, 4090",43.320633,-70.580078
"Maine, Ogunquit, 3907",43.25186,-70.600819
"Maine, Sanford, 4083",43.468183,-70.801213
"Maine, North Berwick, 3906",43.30514,-70.73499
"Maine, Acton, 4001",43.256365,-70.599571
"Maine, Limington, 4049",43.256365,-70.599571
"Maine, Kennebunk, 4043",43.358156,-70.472058
"Maine, Lyman, 4002",48.526511,-122.067754
"Maine, Bath, 4530",43.91432,-69.801493
"Maine, Phippsburg, 4562",43.845016,-69.811683
"Maine, South Portland, 4106",43.6237,-70.300283
"Maine, Biddeford, 4005",43.495885,-70.462076
"Maine, Dayton, 4005",43.495885,-70.462076
"Maine, Saco, 4072",43.502536,-70.441214
"Maine, Scarborough, 4074",43.6131,-70.312604
"Maine, Westbrook, 4092",43.680657,-70.352528
"Maine, Portland, 4103",43.69701,-70.281093
"Maine, Portland, 4102",43.676658,-70.328665
"Maine, Gardiner, 4345",44.229686,-69.771492
"Maine, Whitefield, 4353",44.257467,-69.548844
"Maine, Monmouth, 4259",44.236954,-70.035763
"Maine, Hallowell, 4347",44.2859,-69.79088
"Maine, Durham, 4222",43.968378,-70.184618
"Maine, Winthrop, 4364",44.306925,-69.973414
"Maine, Brunswick, 4011",43.910453,-69.963251
"Maine, Manchester, 4351",44.348645,-70.066653
"Maine, Casco, 4015",43.962115,-70.524465
"Maine, Yarmouth, 4096",43.800307,-70.186508
"Maine, Old Orchard Beach, 4064",43.52395,-70.39069
"Maine, Portland, 4101",43.69838,-70.279915
"Maine, Cornish, 4020",43.798226,-70.783309
"Maine, Naples, 4055",43.957208,-70.639546
"Maine, Windham, 4062",43.744331,-70.425173
"Maine, Arundel, 4046",43.36043,-70.473503
"Maine, Baldwin, 4024",43.844826,-70.688656
"Maine, Cumberland, 4021",43.797127,-70.258035
"Maine, Gray, 4039",43.940752,-70.350178
"Maine, Gorham, 4038",43.686667,-70.420168
"Maine, Standish, 4084",43.793886,-70.652892
"Maine, Falmouth, 4105",43.73928,-70.270696
"Maine, Freeport, 4032",43.86582,-70.098925
"Maine, Topsham, 4086",43.933098,-69.965195
"Maine, Lisbon, 4250",44.038432,-70.030247
"Maine, Dresden, 4342",44.003294,-69.667187
"Maine, Wiscasset, 4578",43.931961,-69.694303
"Maine, Edgecomb, 4556",44.003294,-69.667187
"Maine, Augusta, 4330",44.297566,-69.786021
"Maine, Chelsea, 4330",44.297566,-69.786021
"Maine, Bowdoin, 4287",44.040353,-69.995193
"Maine, Litchfield, 4350",44.158104,-69.95404
"Maine, Buxton, 4093",43.613522,-70.534066
"Maine, Kennebunkport, 4046",43.36043,-70.473503
"Maine, Lebanon, 4027",43.459708,-70.91519
"Maine, Hollis Center, 4042",43.60306,-70.593935
"Maine, Lewiston, 4240",44.109488,-70.209187
"Maine, Auburn, 4210",44.094475,-70.225758
"Maine, Paris, 4281",44.217364,-70.517567
"Maine, Rumford, 4276",44.50347,-70.682622
"Maine, Buckfield, 4220",44.405591,-70.34816
"Maine, Hartford, 4220",44.405591,-70.34816
"Maine, Livermore, 4253",44.015443,-70.047877
"Maine, Turner, 4282",44.252314,-70.257524
"Maine, Wilton, 4294",44.597236,-70.219822
"Maine, Mount Vernon, 4352",44.500751,-69.986807
"Maine, Greene, 4236",44.189339,-70.142678
"Maine, Jay, 4239",44.510095,-70.219942
"Maine, Otisfield, 4270",44.16111,-70.495331
"Maine, Oakland, 4963",44.547862,-69.715131
"Maine, Sabattus, 4280",44.117723,-70.108642
"Maine, West Gardiner, 4345",44.235384,-69.77211
"Maine, Fairfield, 4937",44.585693,-69.596205
"Maine, Waterville, 4901",44.556139,-69.631277
"Maine, Skowhegan, 4976",44.755991,-69.71685
"Maine, Windsor, 4363",44.263473,-69.559228
"Maine, China, 4358",44.482847,-69.516094
"Maine, Winslow, 4901",44.556139,-69.631277
"Maine, Damariscotta, 4543",44.033003,-69.531817
"Maine, Liberty, 4949",44.391978,-69.306017
"Maine, Bristol, 4539",43.95758,-69.50921
"Maine, Waldoboro, 4572",44.095184,-69.377379
"Maine, Bangor, 4401",44.790476,-68.776825
"Maine, Glenburn, 4401",44.790476,-68.776825
"Maine, Hermon, 4401",44.790476,-68.776825
"Maine, Dexter, 4930",45.015421,-69.297547
"Maine, Sullivan, 4664",44.52036,-68.19668
"Maine, Hancock, 4640",44.52924,-68.25363
"Maine, Ellsworth, 4605",44.54613,-68.41244
"Maine, Orono, 4473",44.878084,-68.676744
"Maine, Milford, 4461",44.967699,-68.638307
"Maine, Old Town, 4468",44.925017,-68.642919
"Maine, Alton, 4468",44.925017,-68.642919
"Maine, Bradley, 4411",44.917903,-68.628816
"Maine, Brewer, 4412",44.779323,-68.776432
"Maine, Weston, 4424",45.733116,-67.878069
"Maine, Howland, 4448",45.367203,-68.711255
"Maine, Millinocket, 4462",45.660192,-68.711401
"Maine, Greenbush, 4418",45.093787,-68.639939
"Maine, Milo, 4463",45.247135,-69.001898
"Maine, Union, 4862",44.099293,-69.110228
"Maine, Bucksport, 4416",44.572024,-68.794196
"Maine, Lincoln, 4457",45.376647,-68.500817
"Maine, Hampden, 4444",44.793793,-68.775403
"Maine, Belfast, 4915",44.425905,-69.00728
"Maine, Surry, 4684",44.49591,-68.50169
"Maine, Dedham, 4429",44.825153,-68.654519
"Maine, Camden, 4843",44.210725,-69.065023
"Maine, Vinalhaven, 4863",44.046329,-68.836494
"Maine, Etna, 4434",44.8209,-69.11116
"Maine, Stockton Springs, 4981",44.485944,-68.863332
"Maine, Searsport, 4974",44.444323,-68.935155
"Maine, Sedgwick, 4673",44.303812,-68.620789
"Maine, Rockport, 4856",44.195323,-69.090743
"Maine, Rockland, 4841",44.098221,-69.110742
"Maine, Saint Albans, 4971",44.93183,-69.403011
"Maine, Pittsfield, 4967",44.770116,-69.400756
"Maine, Sedgwick, 4676",44.303812,-68.620789
"Maine, Newburgh, 4444",44.793793,-68.775403
"Maine, Hudson, 4449",45.006054,-68.884621
"Maine, Patten, 4765",45.992316,-68.44802
"Maine, Houlton, 4730",46.12583,-67.837185
"Maine, Littleton, 4730",46.12583,-67.837185
"Maine, Harmony, 4942",44.976862,-69.547537
"Maine, Baileyville, 4694",45.158614,-67.408424
"Maine, Cushing, 4563",44.02301,-69.255572
"Maine, South Thomaston, 4858",44.05147,-69.12782
"Maine, Hope, 4847",44.21476,-69.193614
"Maine, Addison, 4606",44.61841,-67.74416
"Maine, Cutler, 4626",44.65758,-67.20387
"Maine, Eastport, 4631",44.749153,-67.37186
"Maine, Machias, 4654",44.714007,-67.460349
"Maine, Lubec, 4652",44.860467,-66.988415
"Maine, Perry, 4667",44.749153,-67.37186
"Maine, Eagle Lake, 4739",47.040446,-68.596219
"Maine, Perham, 4766",46.84421,-68.19726
"Maine, Westfield, 4787",46.569589,-67.920221
"Maine, Caribou, 4736",46.847963,-68.010888
"Maine, Fort Fairfield, 4742",46.769599,-67.824829
"Maine, Presque Isle, 4769",46.679782,-68.015814
"Maine, New Canada, 4743",47.232773,-68.587276
"Maine, Fort Kent, 4743",47.232773,-68.587276
"Maine, Van Buren, 4785",47.164723,-67.941884
"Maine, Wallagrass, 4781",47.189676,-68.601307
"Maine, Saint Agatha, 4772",47.243057,-68.314967
"Maine, Sherman, 4776",45.871529,-68.394691
"Maine, Northport, 4849",44.29227,-69.102814
"Maine, Anson, 4958",44.856902,-69.896748
"Maine, Swanville, 4915",44.425905,-69.00728
"Maine, Burnham, 4922",44.683875,-69.43598
"Maine, Canaan, 4924",44.76369,-69.557893
"Maine, Carrabassett Valley, 4947",44.962648,-70.160861
"Maine, Detroit, 4929",44.799198,-69.301216
"Maine, Farmington, 4938",44.669608,-70.150122
"Maine, Freedom, 4941",44.528994,-69.296354
"Maine, Hartland, 4943",44.882673,-69.450903
"Maine, Garland, 4939",39.155141,-76.628549
"Maine, Belmont, 4952",44.440263,-69.146466
"Maine, Vassalboro, 4989",44.453929,-69.608718
"Vermont, Bethel, 5032",43.8334,-72.63399
"Vermont, Mount Holly, 5758",43.45229,-72.82482
"Vermont, Killington, 5751",43.656951,-72.782713
"Vermont, Randolph, 5060",43.985803,-72.694098
"Vermont, Mendon, 5701",43.651457,-72.92705
"Vermont, Plymouth, 5056",43.526289,-72.724848
"Vermont, Shrewsbury, 5738",43.508959,-72.866769
"Vermont, Rutland, 5701",43.630346,-72.93586
"Vermont, Rutland Town, 5701",43.630346,-72.93586
"Vermont, Barre, 5641",44.19701,-72.50205
"Vermont, Ludlow, 5149",43.376744,-72.706913
"Vermont, Williamstown, 5679",44.103841,-72.526916
"Vermont, Montpelier, 5602",44.26829,-72.623619
"Vermont, Berlin, 5602",44.26829,-72.623619
"Vermont, Rochester, 5767",43.866832,-72.851495
"Vermont, East Montpelier, 5651",44.279376,-72.49657
"Vermont, Northfield, 5663",44.180906,-72.678854
"Vermont, Moretown, 5660",44.270817,-72.786431
"Vermont, Wallingford, 5742",43.477386,-73.066066
"Vermont, Chittenden, 5737",43.713218,-72.925199
"Vermont, Lincoln, 5443",44.105893,-72.997061
"Vermont, West Rutland, 5777",43.588163,-73.065323
"Vermont, Pittsford, 5763",43.72182,-72.999461
"Vermont, Cabot, 5647",44.40145,-72.31232
"Vermont, Marshfield, 5658",44.35089,-72.35399
"Vermont, Hardwick, 5843",44.507116,-72.358803
"Vermont, Worcester, 5682",44.343536,-72.575645
"Vermont, Jamaica, 5343",43.10036,-72.77843
"Vermont, Andover, 5143",43.298315,-72.667167
"Vermont, Landgrove, 5148",43.228101,-72.787995
"Vermont, Danby, 5739",43.34792,-73.027985
"Vermont, Wallingford, 5773",43.477386,-73.066066
"Vermont, Windham, 5359",43.179243,-72.725929
"Vermont, Weston, 5161",43.29119,-72.79315
"Vermont, Clarendon, 5759",43.516181,-72.969827
"Vermont, Poultney, 5764",43.51701,-73.23622
"Vermont, Dorset, 5251",43.2548,-73.09872
"Vermont, Stratton, 5155",43.169854,-72.851525
"Vermont, Stratton, 5360",43.02952,-72.8526
"Vermont, Winhall, 5340",43.16409,-72.91514
"Vermont, Manchester, 5255",43.16369,-73.07233
"Vermont, Wells, 5774",43.429363,-73.161826
"Vermont, Sandgate, 5250",43.148132,-73.198996
"Vermont, Arlington, 5250",43.06913,-73.1475
"Vermont, Proctor, 5765",43.66062,-73.03566
"New York, Hampton, 12837",43.52479,-73.25178
"Vermont, Shaftsbury, 5262",42.979702,-73.192929
"New York, Granville Village, 12832",43.369373,-73.331692
"Vermont, Manchester, 5254",43.16369,-73.07233
"Vermont, Pawlet, 5761",43.361439,-73.150683
"New York, Cambridge, 12816",43.068526,-73.392229
"New York, Salem, 12873",43.104587,-73.314179
"New York, Salem, 12865",43.225966,-73.348736
"New York, Jackson Heights, 12873",43.104587,-73.314179
"Vermont, Bennington, 5257",42.8746,-73.18505
"New York, Greenwich, 12834",43.09063,-73.49873
"New York, Johnsonville, 12094",42.879946,-73.48684
"New York, Jackson Heights, 12816",43.068526,-73.392229
"New York, Valley Falls, 12185",42.415385,-73.673419
"New York, White Creek, 12816",43.068526,-73.392229
"New York, Cambridge Village, 12816",43.068526,-73.392229
"New York, Easton, 12154",42.623661,-73.730785
"New York, Dresden, 12819",43.63645,-73.44539
"New York, Fort Ann, 12827",43.443936,-73.489198
"New York, Whitehall Village, 12887",43.492815,-73.421536
"New York, Whitehall, 12887",43.492815,-73.421536
"New York, Hampton, 12887",43.492815,-73.421536
"New York, Kingsbury, 12839",43.30063,-73.58595
"New York, Hartford, 12827",43.443936,-73.489198
"Vermont, Castleton, 5735",43.636856,-73.126638
"New York, Argyle, 12809",43.23785,-73.4915
"New York, Granville, 12832",43.369373,-73.331692
"New York, Dresden, 12841",43.63923,-73.50706
"New York, Fort Ann, 12887",43.492815,-73.421536
"Vermont, Fair Haven, 5743",43.59278,-73.26941
"New York, Shushan, 12873",43.104587,-73.314179
"New York, Hebron, 12865",43.225966,-73.348736
"New York, Hebron, 12832",43.369373,-73.331692
"New York, Hudson Falls, 12839",43.30063,-73.58595
"New York, Greenwich, 12865",43.225966,-73.348736
"New York, Argyle, 12828",43.26702,-73.58456
"New York, Granville, 12849",43.442087,-73.290902
"New York, Hartford, 12838",43.354304,-73.404906
"Vermont, Castleton, 5732",43.636856,-73.126638
"Vermont, Stamford, 5350",42.756193,-73.067881
"Vermont, Burlington, 5401",44.487673,-73.19834
"Vermont, South Burlington, 5403",44.444867,-73.173468
"Vermont, Winooski, 5404",44.498032,-73.182158
"Vermont, Essex, 5452",44.50835,-73.050271
"Vermont, Williston, 5495",44.43755,-73.06818
"Vermont, South Hero, 5486",44.64532,-73.30235
"Vermont, Burlington, 5408",44.476622,-73.209998
"New York, Keeseville, 12944",44.442367,-73.514751
"Vermont, Milton, 5468",44.643418,-73.121685
"Vermont, Colchester, 5446",44.507212,-73.144746
"New York, Willsboro, 12996",44.35727,-73.39207
"Vermont, Grand Isle, 5458",44.723391,-73.303193
"Vermont, Addison, 5491",44.145691,-73.260487
"New York, Plattsburgh, 12901",44.69046,-73.456617
"Vermont, Alburgh, 5440",44.93606,-73.289065
"Vermont, Enosburg Falls, 5450",44.902044,-72.782425
"Vermont, Berkshire, 5476",44.952669,-72.65435
"Vermont, Hyde Park, 5655",44.59394,-72.61651
"Vermont, Jay, 5859",44.937769,-72.433354
"Vermont, Westfield, 5874",44.869117,-72.450485
"Vermont, Troy, 5859",44.90144,-72.4015
"Vermont, Berkshire, 5447",44.932454,-72.701892
"Vermont, Johnson, 5656",44.642603,-72.735911
"Vermont, Montgomery, 5471",44.824855,-72.895849
"Vermont, Bristol, 5443",44.157814,-73.071813
"Vermont, Charlotte, 5445",44.31658,-73.226034
"Vermont, Franklin, 5457",44.96038,-72.913261
"Vermont, Lowell, 5847",44.788925,-72.439455
"Vermont, Richford, 5476",44.952669,-72.65435
"Vermont, Berkshire, 5450",44.902044,-72.782425
"Vermont, Eden, 5653",44.718619,-72.57821
"Vermont, Sheldon, 5483",44.897751,-72.961075
"Vermont, Fairfax, 5454",44.66533,-73.00875
"Vermont, Saint Albans City, 5478",44.809326,-73.081499
"New York, Moriah, 12956",44.09283,-73.51818
"New York, Peru, 12972",44.554081,-73.569296
"New York, Westport, 12993",44.18783,-73.434541
"New York, Essex, 12936",44.273412,-73.377434
"New York, Morrisonville, 12962",44.69222,-73.55052
"New York, Plattsburgh, 12903",44.69046,-73.456617
"Vermont, Georgia, 5478",34.462493,-84.743027
"New York, Schuyler Falls, 12985",44.62866,-73.55791
"New York, Peru, 12901",44.69046,-73.456617
"New York, Chazy, 12921",44.879906,-73.452578
"Vermont, Swanton, 5488",44.9181,-73.1243
"New York, Port Henry, 12974",44.087072,-73.461308
"Vermont, Middlebury, 5753",43.991942,-73.171578
"Vermont, Weybridge, 5753",44.066446,-73.215675
"Vermont, North Hero, 5474",44.787732,-73.297992
"Vermont, Highgate, 5483",44.897751,-72.961075
"Vermont, Highgate, 5459",44.962395,-73.033062
"Vermont, Panton, 5491",44.148665,-73.340402
"Vermont, Isle La Motte, 5463",44.878094,-73.338597
"Vermont, Stowe, 5672",44.46533,-72.68456
"New York, Moriah, 12974",44.087072,-73.461308
"New York, Witherbee, 12998",44.08267,-73.530601
"New York, Moriah, 12960",44.041863,-73.505265
"Vermont, Morristown, 5661",44.557274,-72.623728
"Vermont, Brandon, 5733",43.80103,-73.08427
"Vermont, Sudbury, 5733",43.799229,-73.204558
"New York, Crown Point, 12928",43.930616,-73.58854
"Vermont, Shoreham, 5770",43.912406,-73.279162
"Vermont, Bridport, 5734",43.982512,-73.331483
"New York, Ticonderoga, 12883",43.852071,-73.478024
"New York, West Chazy, 12992",44.827274,-73.513225
"Vermont, Pittsford, 5744",43.72182,-72.999461
"Vermont, Whiting, 5778",43.893982,-73.203001
"Vermont, Benson, 5743",43.687677,-73.291868
"Vermont, Orwell, 5760",43.80395,-73.29789
"Vermont, Salisbury, 5769",43.920297,-73.122709
"New York, Rouses Point, 12979",44.99393,-73.36486
"Vermont, Craftsbury, 5826",44.641663,-72.388928
"Vermont, Orleans, 5860",44.823782,-72.102019
"Vermont, Barton, 5822",44.73663,-72.199084
"Vermont, Glover, 5839",44.679528,-72.221912
"Vermont, Brownington, 5860",44.823782,-72.102019
"New York, Hague, 12836",43.74534,-73.49845
"New York, Schroon Lake, 12870",43.841273,-73.759213
"New York, Putnam Station, 12861",43.743816,-73.422181
"New York, North Hudson, 12855",43.970736,-73.721139
"Vermont, Westmore, 5860",44.771438,-72.054821
"Vermont, Burke, 5871",44.683041,-71.936817
"Vermont, Derby, 5829",44.96721,-72.068265
"Vermont, Newport City, 5855",44.907921,-72.203948
"Vermont, Charleston, 5872",44.849402,-72.03121
"Vermont, Derby, 5830",44.96721,-72.068265
"Vermont, Derby, 5855",44.96721,-72.068265
"Vermont, Norton, 5907",44.932643,-71.776359
"Vermont, Morgan, 5853",44.878704,-71.971424
"Connecticut, Waterbury, 6708",41.551496,-73.064152
"Connecticut, Waterbury, 6705",41.571037,-73.021836
"Connecticut, Naugatuck, 6770",41.491016,-73.052965
"Connecticut, Waterbury, 6710",41.571496,-73.044035
"Connecticut, Waterbury, 6704",41.571037,-73.021836
"Connecticut, Southington, 6489",41.597647,-72.896035
"Connecticut, North Haven, 6473",41.384381,-72.862644
"Connecticut, New Haven, 6511",41.296981,-72.916559
"Connecticut, Southington, 6479",41.604786,-72.871945
"Connecticut, Branford, 6405",41.284746,-72.796292
"Connecticut, Hamden, 6514",41.372723,-72.938747
"Connecticut, New Haven, 6513",41.307197,-72.865365
"Connecticut, Hamden, 6518",41.416747,-72.906096
"Connecticut, Plymouth, 6786",41.65873,-73.044364
"Connecticut, New Haven, 6515",41.328697,-72.964247
"Connecticut, Hamden, 6517",41.362197,-72.911396
"Connecticut, Bethany, 6524",41.428088,-72.996191
"Connecticut, North Branford, 6471",41.332347,-72.780892
"Connecticut, Wolcott, 6716",41.598347,-72.980578
"Connecticut, New Haven, 6512",41.290997,-72.865894
"Connecticut, Waterbury, 6706",41.571037,-73.021836
"Connecticut, Killingworth, 6419",41.35815,-72.5637
"Connecticut, East Haven, 6512",41.290997,-72.865894
"Connecticut, Clinton, 6413",41.298201,-72.532934
"Connecticut, Cheshire, 6410",41.511827,-72.903617
"Connecticut, Prospect, 6712",41.499097,-72.975694
"Connecticut, East Haven, 6513",41.307197,-72.865365
"Connecticut, Deep River, 6417",41.368124,-72.452284
"Connecticut, Wolcott, 6705",41.598347,-72.980578
"Connecticut, Westbrook, 6498",41.307899,-72.463381
"Connecticut, Woodbridge, 6525",41.353296,-73.013981
"Connecticut, East Haven, 6473",41.290997,-72.865894
"Connecticut, Waterbury, 6702",41.571037,-73.021836
"Connecticut, Beacon Falls, 6403",41.435134,-73.058835
"Connecticut, Branford, 6471",41.284746,-72.796292
"Connecticut, Plymouth, 6782",41.65873,-73.044364
"Connecticut, Seymour, 6483",41.39676,-73.07594
"Connecticut, Derby, 6418",41.311784,-73.068677
"Connecticut, Ansonia, 6401",41.342514,-73.070301
"Connecticut, Oxford, 6478",41.432583,-73.138379
"Connecticut, Shelton, 6484",41.307866,-73.088386
"Connecticut, Scotland, 6280",41.695803,-72.087045
